C;0;;00490011;AMIS;SP;;;SANTEPHARM;Santé-Pharma & SP Santé
C;0;;00401182;AON COURTAGE;SP;;;SANTEPHARM;Santé-Pharma & SP Santé
C;0;;00402552;APO;SP;;;SANTEPHARM;Santé-Pharma & SP Santé
C;0;;00402545;APO/CH.PESENTI-CAP;SP;;;SANTEPHARM;Santé-Pharma & SP Santé
C;0;;00401570;AREA CONSEIL S.A.;SP;;;SANTEPHARM;Santé-Pharma & SP Santé
C;0;;04420006;AREAS ASSURANCES;SP;;;SANTEPHARM;Santé-Pharma & SP Santé
C;0;;00401968;ASCORE SAS;SP;;;SANTEPHARM;Santé-Pharma & SP Santé
C;0;;00490003;AVIVA;SP;;;SANTEPHARM;Santé-Pharma & SP Santé
C;0;;00420000;AXA;SP;;;SANTEPHARM;Santé-Pharma & SP Santé
C;0;;02410017;AZUR;SP;;;SANTEPHARM;Santé-Pharma & SP Santé
C;0;;00402404;CABINET BOCQUET;SP;;;SANTEPHARM;Santé-Pharma & SP Santé
C;0;;98870009;CAPAVES PREVOYANCE;SP;;;SANTEPHARM;Santé-Pharma & SP Santé
C;0;;08480006;CARMA;SP;;;SANTEPHARM;Santé-Pharma & SP Santé
C;0;;00401059;CGRM;SP;;;SANTEPHARM;Santé-Pharma & SP Santé
C;0;;00401067;COGEALP;SP;;;SANTEPHARM;Santé-Pharma & SP Santé
C;0;;00401794;DE CLARENS;SP;;;SANTEPHARM;Santé-Pharma & SP Santé
C;0;;00401026;GRAS SAVOYE;SP;;;SANTEPHARM;Santé-Pharma & SP Santé
C;0;;00440008;MMA;SP;;;SANTEPHARM;Santé-Pharma & SP Santé
C;0;;00402511;SOGAREP;SP;;;SANTEPHARM;Santé-Pharma & SP Santé
C;0;;00402164;UGIPS;SP;;;SANTEPHARM;Santé-Pharma & SP Santé
C;0;;00401018;VERSPIEREN;SP;;;SANTEPHARM;Santé-Pharma & SP Santé
C;0;;00402610;VIVENS;SP;;;SANTEPHARM;Santé-Pharma & SP Santé
